,model,num_rna_chains,num_prot_chains,tm,oligo_gdtts,bb_lddt,ics,ips,ilddt,rmsd,CARP:bb_lddt,CARP:oligo_gdtts,CARP:oligo_gdtha,CARP:ilddt,CARP:ics,CARP:ips,CARP:Merged,CARP:Iface,CARP:Fold,CARP:RP,FTDMP,DARS-RNP,QUASI-RNP,DRPScore,ITScore-PR,3dRPC
974,CASP16.M1296TS006_1,1,2,0.818,0.685,0.74,0.465,0.449,0.698,29.503,0.9233,0.8152,0.78901,0.40948,0.35476,0.46804,0.6266316666666667,0.41076,0.8425033333333335,0.05431217680452391,1995.53,7217417.93,13017315.86,-1.6935069244209142,100.216,383.178
975,CASP16.M1296TS006_2,1,2,0.818,0.685,0.766,0.483,0.45,0.696,24.954,0.92976,0.82039,0.78792,0.45192,0.41464,0.50364,0.6513783333333334,0.4567333333333334,0.8460233333333335,0.08926284839508297,2034.36,6798962.69,12724689.01,-1.9875809809377794,219.702,330.929
976,CASP16.M1296TS006_3,1,2,0.82,0.685,0.771,0.521,0.467,0.705,21.817,0.9248,0.8078,0.78042,0.42768,0.40267,0.5074,0.641795,0.4459166666666667,0.8376733333333334,0.06800422868473105,1829.79,5338637.32,9816976.59,-1.9772314567342117,237.55,302.884
977,CASP16.M1296TS006_4,1,2,0.821,0.685,0.781,0.56,0.585,0.69,17.091,0.93045,0.81566,0.78235,0.5001,0.47205,0.58804,0.6814416666666667,0.5200633333333333,0.84282,0.09237312638797449,2047.18,5137867.75,8209252.32,-1.9340137100504864,552.229,225.859
978,CASP16.M1296TS006_5,1,2,0.825,0.685,0.785,0.616,0.673,0.691,12.804,0.93354,0.8259,0.79102,0.53129,0.5591,0.62732,0.7113616666666667,0.57257,0.8501533333333334,0.16612775917164982,1684.32,2807689.13,4844791.63,-3.7329170485733094,388.846,147.085
979,CASP16.M1296TS028_1,1,2,0.899,0.865,0.882,0.876,0.846,0.895,7.279,0.94275,0.83831,0.8108,0.55444,0.62649,0.66347,0.7393766666666667,0.6148,0.8639533333333334,0.14903343777405098,1602.55,3207650.35,4407588.37,-1.5220651491876556,448.755,116.234
980,CASP16.M1296TS028_2,1,2,0.9,0.856,0.873,0.876,0.872,0.872,9.047,0.94623,0.83658,0.80938,0.5508,0.62285,0.65949,0.737555,0.6110466666666666,0.8640633333333333,0.16396539104171098,1624.29,3229684.51,4365680.29,-1.0368666791807273,390.231,107.064
981,CASP16.M1296TS028_3,1,2,0.885,0.76,0.873,0.871,0.865,0.897,9.349,0.94437,0.83781,0.81006,0.5583,0.62851,0.66168,0.7401216666666667,0.6161633333333333,0.8640800000000001,0.15163357217679732,1621.66,3154163.93,4485472.59,-1.1766903893562908,417.88,116.254
982,CASP16.M1296TS028_4,1,2,0.861,0.694,0.875,0.855,0.841,0.893,8.602,0.94418,0.83631,0.80791,0.55489,0.62592,0.66636,0.7392616666666667,0.6157233333333333,0.8628,0.1624628923367709,1645.97,3248125.23,4265265.54,-1.4279287639013383,450.579,104.696
983,CASP16.M1296TS028_5,1,2,0.897,0.869,0.872,0.876,0.871,0.868,9.068,0.94463,0.83871,0.80875,0.55955,0.62155,0.65601,0.7382,0.61237,0.86403,0.18276655804365874,1614.63,3214191.78,4443427.62,-2.350256497463414,415.274,112.44
984,CASP16.M1296TS033_1,1,2,0.844,0.679,0.863,0.87,0.865,0.864,8.99,0.94479,0.83849,0.81228,0.53555,0.60363,0.65286,0.7312666666666666,0.5973466666666666,0.8651866666666667,0.12049478876870126,1649.96,3065234.23,4070003.12,-3.4820102136496534,399.568,103.724
985,CASP16.M1296TS033_2,1,2,0.883,0.78,0.885,0.873,0.879,0.898,7.967,0.9435,0.83918,0.81156,0.55302,0.62309,0.66542,0.739295,0.6138433333333334,0.8647466666666667,0.15197059273195918,1650.37,3177542.17,4340459.43,-1.8705138533744443,411.187,109.166
986,CASP16.M1296TS033_3,1,2,0.901,0.863,0.882,0.871,0.852,0.894,8.783,0.94615,0.84148,0.81559,0.54884,0.61759,0.65929,0.7381566666666667,0.6085733333333333,0.8677400000000001,0.14675084361806512,1648.81,3169149.59,4440460.05,-1.3643348876006811,392.53,112.588
987,CASP16.M1296TS033_4,1,2,0.86,0.698,0.876,0.871,0.872,0.891,9.029,0.94557,0.83521,0.80707,0.55875,0.62777,0.66542,0.739965,0.6173133333333333,0.8626166666666667,0.1494277408812195,1671.72,3239610.25,4300360.93,-1.6293200818790994,452.186,105.471
988,CASP16.M1296TS033_5,1,2,0.865,0.711,0.867,0.874,0.871,0.9,7.988,0.94346,0.83739,0.81153,0.53613,0.60458,0.65276,0.7309749999999999,0.5978233333333334,0.8641266666666666,0.11791760243941098,1630.1,3027740.05,3837625.68,-0.5767471327565183,406.276,94.0356
989,CASP16.M1296TS051_1,1,2,0.892,0.776,0.876,0.864,0.879,0.889,9.218,0.94519,0.83781,0.81094,0.54746,0.62084,0.66128,0.7372533333333333,0.60986,0.8646466666666667,0.15216488325968386,1642.49,3278966.61,4387449.96,-3.716551528118097,376.567,98.1527
990,CASP16.M1296TS051_2,1,2,0.878,0.776,0.874,0.869,0.853,0.899,9.299,0.94362,0.83688,0.80805,0.55001,0.62139,0.66256,0.737085,0.61132,0.86285,0.1513647423242219,1654.31,3175862.91,4227496.29,-1.3844453490637711,395.305,108.879
991,CASP16.M1296TS051_3,1,2,0.901,0.873,0.866,0.873,0.865,0.877,8.837,0.94303,0.8382,0.8121,0.5489,0.61922,0.65994,0.7368983333333334,0.6093533333333334,0.8644433333333333,0.13518639506655747,1648.29,3351993.82,4408254.39,-0.8288527159218619,411.157,114.652
992,CASP16.M1296TS051_4,1,2,0.904,0.867,0.863,0.883,0.871,0.875,7.795,0.94569,0.83762,0.81123,0.54354,0.61103,0.65326,0.7337283333333333,0.60261,0.8648466666666668,0.13855515546165406,1634.34,2962495.71,4043900.55,-2.4673700617573093,402.98,101.896
993,CASP16.M1296TS051_5,1,2,0.867,0.716,0.869,0.871,0.885,0.888,9.438,0.94259,0.83767,0.80974,0.54972,0.62664,0.66628,0.7387733333333334,0.6142133333333334,0.8633333333333334,0.15969329976360314,1627.93,3240715.04,4337242.07,-3.405713184621219,424.901,99.2109
994,CASP16.M1296TS063_1,1,2,0.814,0.667,0.849,0.866,0.829,0.907,10.645,0.94226,0.83946,0.80908,0.58314,0.65293,0.68049,0.7512266666666667,0.6388533333333334,0.8635999999999999,0.14797366950660945,1520.12,3061569.47,3907308.96,-0.4533092394981898,369.372,103.897
995,CASP16.M1296TS063_2,1,2,0.817,0.663,0.846,0.863,0.829,0.901,7.455,0.94125,0.84164,0.81252,0.57714,0.64899,0.66964,0.74853,0.6319233333333333,0.8651366666666668,0.093502267729491,1509.44,3019570.76,3847734.42,-0.9176070641216294,379.019,99.7507
996,CASP16.M1296TS063_3,1,2,0.813,0.661,0.846,0.866,0.829,0.904,8.785,0.94259,0.8373,0.80767,0.57224,0.64614,0.67203,0.7463283333333333,0.6301366666666667,0.86252,0.14306454830802978,1521.25,3041459.36,3902617.75,-0.8231500341414264,385.957,98.7441
997,CASP16.M1296TS063_4,1,2,0.821,0.664,0.847,0.866,0.829,0.901,7.226,0.94068,0.84366,0.81488,0.57767,0.65049,0.66825,0.7492716666666667,0.6321366666666667,0.8664066666666667,0.10089096339652315,1509.5,3006208.25,3861503.72,-1.0159903271483417,373.353,99.2934
998,CASP16.M1296TS063_5,1,2,0.818,0.664,0.842,0.866,0.829,0.899,8.731,0.94359,0.8355,0.80645,0.57365,0.64592,0.67133,0.7460733333333334,0.6303,0.8618466666666666,0.1399913210887462,1523.78,2999325.88,3822747.02,-0.7016031456038515,362.365,98.9677
999,CASP16.M1296TS091_1,1,2,0.912,0.881,0.872,0.863,0.863,0.89,7.201,0.94176,0.83404,0.80763,0.52658,0.59369,0.64344,0.7245233333333333,0.5879033333333333,0.8611433333333333,0.10801124318968505,1619.04,2984076.38,3959039.13,-1.3402123665706713,378.723,94.2708
1000,CASP16.M1296TS091_2,1,2,0.881,0.795,0.856,0.784,0.84,0.836,8.476,0.94388,0.82604,0.79914,0.54275,0.59659,0.65097,0.7265616666666666,0.5967699999999999,0.8563533333333333,0.09978408340248279,1705.77,3880479.24,5125512.7,-3.3346342996564227,469.885,119.738
1001,CASP16.M1296TS091_3,1,2,0.826,0.688,0.829,0.608,0.635,0.711,16.105,0.93071,0.80476,0.77215,0.46235,0.44513,0.55007,0.6608616666666667,0.48584999999999995,0.8358733333333334,0.08322257931815784,1901.35,4050250.9,6136400.87,-5.661918810684227,522.17,150.328
1002,CASP16.M1296TS091_4,1,2,0.838,0.718,0.835,0.63,0.638,0.717,15.186,0.93495,0.80919,0.78135,0.46472,0.46309,0.55851,0.6686349999999999,0.49543999999999994,0.8418299999999999,0.07205147491438879,1855.22,3457125.57,5248132.5,-4.4886001697162055,608.321,129.097
1003,CASP16.M1296TS091_5,1,2,0.899,0.799,0.859,0.846,0.864,0.854,6.446,0.94514,0.83185,0.80635,0.52486,0.59383,0.64374,0.7242949999999999,0.5874766666666665,0.8611133333333334,0.11965863551595249,1606.06,3269119.77,4197211.93,-1.3658713957516366,391.222,96.9909
1004,CASP16.M1296TS110_1,1,2,0.892,0.859,0.882,0.871,0.853,0.887,9.928,0.94217,0.83325,0.80498,0.54503,0.61522,0.65666,0.732885,0.6056366666666667,0.8601333333333333,0.1616407393827103,1604.91,3131170.76,4346358.31,-1.4540969836365987,431.801,114.686
1005,CASP16.M1296TS110_2,1,2,0.901,0.87,0.866,0.872,0.864,0.874,8.234,0.94566,0.84134,0.81486,0.5507,0.62336,0.65787,0.738965,0.6106433333333333,0.8672866666666667,0.16042284542927518,1662.56,3251655.49,4447750.17,-2.349184452346005,441.511,108.603
1006,CASP16.M1296TS110_3,1,2,0.899,0.872,0.878,0.864,0.852,0.887,9.84,0.94334,0.84049,0.81177,0.55211,0.61482,0.65324,0.7359616666666667,0.6067233333333334,0.8652000000000001,0.14853869704529643,1630.45,3174093.13,4430245.48,-2.707117796180042,439.874,104.556
1007,CASP16.M1296TS110_4,1,2,0.903,0.873,0.883,0.879,0.865,0.889,8.41,0.94502,0.83724,0.8092,0.56293,0.63348,0.66859,0.7427433333333333,0.6216666666666667,0.86382,0.15171438107499852,1635.23,3090434.62,4277685.42,-1.632893921503642,447.375,110.549
1008,CASP16.M1296TS110_5,1,2,0.86,0.7,0.872,0.87,0.872,0.895,9.182,0.94226,0.834,0.80708,0.54746,0.60816,0.65106,0.73167,0.6022266666666667,0.8611133333333333,0.16174033088609577,1634.89,3194658.08,4234527.34,-1.9374566155877981,388.436,105.792
1009,CASP16.M1296TS143_1,1,2,0.871,0.821,0.768,0.604,0.709,0.694,10.624,0.93709,0.82455,0.79596,0.50828,0.5431,0.61262,0.7036,0.5546666666666668,0.8525333333333333,0.0808378877962241,1769.35,2717587.65,5779690.85,-0.6677110482821881,27.146,235.2
1010,CASP16.M1296TS143_2,1,2,0.857,0.817,0.751,0.624,0.638,0.705,15.064,0.93546,0.81203,0.77948,0.50797,0.52184,0.61685,0.695605,0.5488866666666666,0.8423233333333333,0.1181424759794027,1694.11,2784599.87,5112284.95,-7.085379723469218,167.746,142.035
1011,CASP16.M1296TS143_3,1,2,0.857,0.817,0.733,0.534,0.591,0.701,14.793,0.933,0.80823,0.77356,0.49292,0.48254,0.58906,0.6798850000000001,0.5215066666666667,0.8382633333333334,0.13894721711985766,2026.09,3936149.04,7829402.99,-2.990754118763213,148.839,262.009
1012,CASP16.M1296TS143_4,1,2,0.866,0.819,0.742,0.743,0.72,0.708,11.545,0.94581,0.83293,0.81003,0.53856,0.61202,0.62331,0.72711,0.5912966666666667,0.8629233333333334,0.046729335493728284,1410.0,629885.77,820433.84,-1.8473988437661069,64.734,23.8369
1013,CASP16.M1296TS143_5,1,2,0.89,0.831,0.796,0.761,0.774,0.734,6.667,0.94455,0.83255,0.80833,0.52442,0.58878,0.6175,0.719355,0.5769000000000001,0.8618099999999999,0.048887540826399345,1411.91,610615.95,851078.84,-0.662451861215337,129.968,19.8837
1014,CASP16.M1296TS159_1,1,2,0.844,0.679,0.863,0.87,0.865,0.864,8.99,0.94479,0.83849,0.81228,0.53555,0.60363,0.65286,0.7312666666666666,0.5973466666666666,0.8651866666666667,0.12049478876870126,1649.96,3065234.23,4070003.12,-3.4820102136496534,361.823,103.724
1015,CASP16.M1296TS159_2,1,2,0.883,0.78,0.885,0.873,0.879,0.898,7.967,0.9435,0.83918,0.81156,0.55302,0.62309,0.66542,0.739295,0.6138433333333334,0.8647466666666667,0.15197059273195918,1650.37,3177542.17,4340459.43,-1.8705138533744443,409.363,109.166
1016,CASP16.M1296TS159_3,1,2,0.901,0.863,0.882,0.871,0.852,0.894,8.783,0.94615,0.84148,0.81559,0.54884,0.61759,0.65929,0.7381566666666667,0.6085733333333333,0.8677400000000001,0.14675084361806512,1648.81,3169149.59,4440460.05,-1.3643348876006811,406.643,112.588
1017,CASP16.M1296TS167_1,1,2,0.829,0.678,0.699,0.589,0.59,0.557,14.82,0.76446,0.56793,0.4156,0.32105,0.33065,0.48031,0.48000000000000004,0.37733666666666665,0.5826633333333334,0.0654998570564203,1443.51,1901605.15,2787326.32,-4.413504664140217,184.0,65.7964
1018,CASP16.M1296TS167_2,1,2,0.835,0.713,0.696,0.592,0.628,0.561,16.795,0.74106,0.54177,0.38636,0.29534,0.3073,0.45555,0.4545633333333334,0.35273,0.5563966666666668,0.07746660801640246,1281.16,2220387.39,3163938.9,-2.7705766930868982,47.164,73.4816
1019,CASP16.M1296TS167_3,1,2,0.837,0.711,0.721,0.628,0.64,0.591,16.646,0.75687,0.56955,0.41455,0.3178,0.34696,0.47594,0.48027833333333336,0.38023333333333337,0.5803233333333334,0.07870457521057689,1373.68,1251015.6,2207370.01,-3.1208236684120596,204.281,64.0198
1020,CASP16.M1296TS167_4,1,2,0.834,0.683,0.71,0.588,0.642,0.581,13.722,0.76063,0.56728,0.42014,0.31143,0.30921,0.47506,0.4739583333333333,0.3652333333333333,0.5826833333333333,0.0687774605001323,1409.48,2388435.83,3395787.83,-2.771882179463152,197.426,76.7139
1021,CASP16.M1296TS167_5,1,2,0.866,0.802,0.834,0.732,0.805,0.739,11.052,0.94285,0.83614,0.80993,0.51716,0.57172,0.63389,0.718615,0.5742566666666667,0.8629733333333333,0.10983578113373368,1703.69,3152544.32,4238593.23,-2.3173766080023865,354.945,74.6924
1022,CASP16.M1296TS189_1,1,2,0.86,0.842,0.841,0.722,0.738,0.709,14.774,0.94667,0.83576,0.81185,0.54231,0.61727,0.65046,0.7340533333333332,0.6033466666666666,0.86476,0.07390406586673634,1520.9,1448931.78,1824609.6,-2.1569888663137706,181.739,41.6398
1023,CASP16.M1296TS189_2,1,2,0.861,0.845,0.83,0.701,0.721,0.71,14.167,0.94157,0.83768,0.80855,0.57088,0.64162,0.6707,0.7451666666666668,0.6277333333333334,0.8626,0.17422959692776205,1551.09,1760175.43,2564076.11,-2.3298066593771356,136.328,64.2384
1024,CASP16.M1296TS189_3,1,2,0.885,0.771,0.88,0.872,0.854,0.897,7.499,0.94617,0.85482,0.82076,0.60889,0.68198,0.70456,0.76953,0.6651433333333334,0.8739166666666667,0.21791024985723198,1598.97,3254562.99,4420074.49,-2.0414914764013634,421.784,111.457
1025,CASP16.M1296TS189_4,1,2,0.888,0.832,0.868,0.872,0.858,0.868,8.765,0.94458,0.84991,0.81688,0.60621,0.67804,0.7023,0.7663199999999999,0.6621833333333332,0.8704566666666667,0.21491028452292082,1647.5,3257463.53,4669244.2,-4.937573163612158,449.933,114.34
1026,CASP16.M1296TS189_5,1,2,0.803,0.655,0.83,0.71,0.733,0.707,14.895,0.94232,0.83218,0.80425,0.56009,0.62777,0.65684,0.7372416666666668,0.6149,0.8595833333333335,0.06680991326429649,1547.55,1661976.48,2432761.82,-4.175347921940621,193.39,51.4511
1027,CASP16.M1296TS208_1,1,2,0.891,0.776,0.867,0.884,0.877,0.875,9.117,0.94574,0.83921,0.81293,0.55165,0.62217,0.66177,0.7389116666666666,0.6118633333333333,0.86596,0.1401298310258426,1628.83,3220392.08,4325388.65,-1.5804416101977963,400.236,105.34
1028,CASP16.M1296TS208_2,1,2,0.862,0.706,0.855,0.882,0.859,0.86,7.667,0.94139,0.83358,0.80376,0.55747,0.61136,0.65536,0.7338200000000001,0.6080633333333334,0.8595766666666668,0.18114467645063997,1598.08,3245970.97,4509080.52,-1.2098729266308803,420.675,113.446
1029,CASP16.M1296TS208_3,1,2,0.83,0.668,0.869,0.865,0.847,0.898,9.209,0.94789,0.84251,0.81542,0.56244,0.63323,0.66764,0.744855,0.6211033333333333,0.8686066666666666,0.1649978957604617,1609.87,3227524.26,4284395.51,-1.2356114697984677,463.525,103.295
1030,CASP16.M1296TS208_4,1,2,0.821,0.658,0.875,0.877,0.859,0.897,9.554,0.94642,0.84188,0.81501,0.57038,0.64217,0.67574,0.7486,0.62943,0.86777,0.16125164334662262,1641.48,3259070.11,4339950.52,-3.532635454358458,425.931,105.087
1031,CASP16.M1296TS208_5,1,2,0.838,0.673,0.875,0.886,0.87,0.9,8.003,0.94715,0.84034,0.81403,0.54902,0.62186,0.6621,0.7390833333333333,0.6109933333333334,0.8671733333333332,0.13725644015939908,1670.62,3118334.34,4320884.44,-0.7590137041453731,405.761,111.704
1032,CASP16.M1296TS231_1,1,2,0.854,0.68,0.879,0.867,0.865,0.887,7.029,0.94436,0.83907,0.81182,0.55389,0.61464,0.65724,0.7368366666666666,0.60859,0.8650833333333333,0.17616815273649988,1667.56,3108153.95,4317471.96,-2.0919064841167914,407.769,119.192
1033,CASP16.M1296TS231_2,1,2,0.82,0.654,0.863,0.864,0.859,0.867,8.923,0.94671,0.83919,0.81223,0.56886,0.64042,0.67377,0.7468633333333333,0.6276833333333333,0.8660433333333334,0.17862927545793353,1639.45,3227202.38,4535301.36,-1.1467751304875473,458.777,107.464
1034,CASP16.M1296TS231_3,1,2,0.837,0.666,0.876,0.879,0.865,0.892,7.718,0.94398,0.839,0.81094,0.56141,0.63058,0.67191,0.74297,0.6213000000000001,0.86464,0.139637124852743,1632.9,3218593.74,4423463.44,-4.838714364449093,426.627,114.201
1035,CASP16.M1296TS231_4,1,2,0.808,0.648,0.869,0.882,0.865,0.892,9.106,0.9424,0.83849,0.80975,0.5545,0.62871,0.66615,0.74,0.6164533333333333,0.8635466666666666,0.14781259968294763,1632.3,3239668.28,4495558.85,-1.4227664249543683,454.256,115.201
1036,CASP16.M1296TS231_5,1,2,0.791,0.63,0.852,0.87,0.865,0.852,8.073,0.94776,0.83678,0.80915,0.56935,0.63851,0.67402,0.7459283333333333,0.6272933333333334,0.8645633333333334,0.17672318725381045,1659.89,3197861.46,4434643.55,-1.158613434298295,404.267,110.226
1037,CASP16.M1296TS235_1,1,2,0.9,0.781,0.887,0.882,0.871,0.905,9.021,0.94546,0.83423,0.80825,0.53272,0.60383,0.65149,0.72933,0.5960133333333334,0.8626466666666667,0.12430855936254376,1657.18,2946873.29,4047225.51,-1.2078252499250064,370.321,105.294
1038,CASP16.M1296TS235_2,1,2,0.875,0.723,0.869,0.884,0.871,0.875,7.924,0.94689,0.83373,0.80928,0.54533,0.61941,0.65734,0.73533,0.60736,0.8633000000000001,0.12599626610754058,1657.4,3154121.73,4134107.06,-1.3867980496043193,403.469,98.781
1039,CASP16.M1296TS235_3,1,2,0.871,0.712,0.88,0.867,0.879,0.892,6.174,0.94406,0.83465,0.8084,0.53912,0.602,0.65359,0.7303033333333333,0.5982366666666666,0.86237,0.12593443259829656,1647.23,2962106.44,3940392.11,-2.31423282750885,373.69,91.7767
1040,CASP16.M1296TS235_4,1,2,0.868,0.705,0.874,0.866,0.871,0.9,6.508,0.94623,0.83576,0.8105,0.53656,0.60551,0.65299,0.7312583333333333,0.5983533333333333,0.8641633333333333,0.11715779017540626,1620.02,2941921.47,3818562.78,-1.1131238713319718,381.305,95.5077
1041,CASP16.M1296TS235_5,1,2,0.875,0.745,0.876,0.868,0.864,0.898,9.715,0.94469,0.83357,0.80907,0.53624,0.60445,0.64576,0.7289633333333333,0.5954833333333334,0.8624433333333332,0.11717781670740805,1640.92,2936885.99,3747151.05,-0.6294755250074527,396.217,92.7898
1042,CASP16.M1296TS241_1,1,2,0.857,0.69,0.872,0.864,0.872,0.895,7.959,0.94588,0.83598,0.80902,0.54914,0.6261,0.65963,0.737625,0.6116233333333333,0.8636266666666667,0.15070250105345623,1672.49,3201804.69,4254593.17,-1.4698996688311528,437.277,104.762
1043,CASP16.M1296TS241_2,1,2,0.897,0.854,0.882,0.868,0.859,0.892,9.591,0.94247,0.83585,0.8069,0.5599,0.62117,0.66168,0.737995,0.6142500000000001,0.8617399999999998,0.18021939494647085,1677.69,3339485.24,4491887.72,-0.7608991460181889,431.466,112.556
1044,CASP16.M1296TS241_3,1,2,0.904,0.873,0.888,0.887,0.885,0.905,8.274,0.94371,0.8373,0.80962,0.54396,0.6191,0.6565,0.7350316666666666,0.60652,0.8635433333333333,0.1377984994207509,1624.45,3028471.16,4168797.0,-1.3523168956302258,399.492,109.942
1045,CASP16.M1296TS241_4,1,2,0.868,0.709,0.868,0.883,0.871,0.882,8.678,0.94701,0.83666,0.80926,0.55341,0.627,0.67096,0.7407166666666667,0.6171233333333334,0.86431,0.15545399207621813,1646.99,3182214.87,4256927.33,-1.5111909484824007,407.198,109.745
1046,CASP16.M1296TS241_5,1,2,0.902,0.867,0.875,0.873,0.871,0.879,9.668,0.94288,0.83703,0.80913,0.53729,0.61001,0.65374,0.7316800000000001,0.6003466666666667,0.8630133333333334,0.14547365900943987,1661.15,3162169.88,4221521.03,-3.286607598546125,416.591,108.303
1047,CASP16.M1296TS262_1,1,2,0.819,0.652,0.842,0.861,0.876,0.866,8.471,0.94406,0.8443,0.81442,0.59268,0.66442,0.69113,0.7585016666666666,0.64941,0.8675933333333333,0.18745222659781577,1575.81,3112915.07,4186820.49,-1.983809639375032,413.136,92.2301
1048,CASP16.M1296TS262_2,1,2,0.902,0.796,0.861,0.873,0.877,0.885,8.13,0.94605,0.83724,0.81237,0.53563,0.60587,0.65011,0.7312116666666667,0.5972033333333334,0.86522,0.12277262714924292,1568.57,3221709.89,4248166.54,-1.3123245863018238,409.618,95.4871
1049,CASP16.M1296TS262_3,1,2,0.827,0.659,0.843,0.861,0.876,0.87,8.404,0.9428,0.84234,0.81122,0.57217,0.64738,0.67675,0.7487766666666666,0.6320999999999999,0.8654533333333333,0.15116561513859778,1580.55,3064555.14,4086009.86,-1.776742297492139,430.32,90.0566
1050,CASP16.M1296TS262_4,1,2,0.881,0.751,0.854,0.855,0.852,0.878,8.316,0.94295,0.83461,0.80657,0.54599,0.61509,0.66143,0.73444,0.6075033333333334,0.8613766666666667,0.15626786197535694,1652.79,3425046.61,4514156.42,-2.1562359815619505,418.597,97.8008
1051,CASP16.M1296TS262_5,1,2,0.831,0.677,0.848,0.86,0.868,0.859,9.136,0.94532,0.83977,0.81342,0.55893,0.62246,0.65843,0.7397216666666666,0.6132733333333333,0.86617,0.12281988250324502,1587.62,3023838.82,4020938.02,-0.816506994858519,377.473,91.8905
1052,CASP16.M1296TS267_1,1,2,0.854,0.781,0.729,0.631,0.667,0.616,13.247,0.93789,0.826,0.80194,0.51567,0.56251,0.62091,0.71082,0.5663633333333333,0.8552766666666667,0.043389404085610296,1462.46,1766846.38,2358100.61,-2.2892124585166296,134.81,52.4351
1053,CASP16.M1296TS267_2,1,2,0.855,0.787,0.727,0.629,0.654,0.626,13.307,0.93654,0.8229,0.79782,0.51168,0.55051,0.61962,0.7065116666666666,0.5606033333333333,0.8524200000000001,0.048707239911345825,1481.07,1568275.4,2569869.48,-2.5212709432901246,176.581,66.5496
1054,CASP16.M1296TS267_3,1,2,0.855,0.791,0.733,0.625,0.654,0.621,13.344,0.93562,0.81983,0.7941,0.51642,0.55266,0.62492,0.7072583333333333,0.5646666666666667,0.84985,0.05196024495817256,1447.23,1642101.92,2464276.57,-0.09387107782556893,200.706,63.9294
1055,CASP16.M1296TS267_4,1,2,0.855,0.788,0.728,0.633,0.662,0.62,13.221,0.93772,0.8276,0.80391,0.51607,0.56473,0.62083,0.71181,0.56721,0.85641,0.04068426541298322,1412.86,1279247.41,1913988.12,-2.85582667075092,134.092,50.2479
1056,CASP16.M1296TS267_5,1,2,0.855,0.789,0.732,0.641,0.669,0.617,13.196,0.93717,0.82938,0.80661,0.50923,0.55932,0.61578,0.7095816666666668,0.5614433333333334,0.85772,0.042325341250762,1422.12,1619746.34,2173637.14,-3.120216010712056,127.122,52.1066
1057,CASP16.M1296TS272_1,1,2,0.864,0.695,0.876,0.888,0.865,0.899,8.296,0.94474,0.83863,0.81194,0.54971,0.62106,0.66372,0.7383,0.6114966666666667,0.8651033333333333,0.1442911211110186,1609.03,3002903.96,4136972.46,-4.14996785831686,385.753,106.4
1058,CASP16.M1296TS272_2,1,2,0.895,0.819,0.88,0.881,0.878,0.907,9.386,0.94423,0.83145,0.80604,0.52319,0.59552,0.64243,0.7238100000000001,0.5870466666666667,0.8605733333333333,0.10918542842409806,1652.9,2966967.1,3802398.37,-1.7718493078895645,423.229,98.8806
1059,CASP16.M1296TS272_3,1,2,0.872,0.752,0.873,0.881,0.871,0.881,10.463,0.9437,0.8362,0.81009,0.53314,0.59347,0.63736,0.72566,0.58799,0.86333,0.12519178990041838,1637.59,3069894.56,3997329.32,-1.1520468149078134,374.165,97.7407
1060,CASP16.M1296TS272_4,1,2,0.859,0.694,0.861,0.871,0.865,0.876,7.02,0.94645,0.83858,0.81343,0.54423,0.61356,0.65885,0.7358499999999999,0.6055466666666667,0.8661533333333332,0.13120583378477021,1639.58,3142899.86,4119978.83,-0.7738965200451133,395.429,95.7287
1061,CASP16.M1296TS272_5,1,2,0.887,0.779,0.874,0.886,0.878,0.904,6.999,0.94585,0.83114,0.80424,0.53566,0.59786,0.647,0.7269583333333334,0.5935066666666667,0.86041,0.11694216537289322,1629.94,2994535.04,3859387.78,-1.2356845749871854,400.861,92.5124
1062,CASP16.M1296TS286_1,1,2,0.876,0.754,0.845,0.843,0.862,0.857,7.713,0.94551,0.83407,0.80841,0.5343,0.59915,0.64757,0.7281683333333333,0.5936733333333333,0.8626633333333333,0.10710406010985025,1643.3,2886855.27,3821198.0,-0.40227227692145484,357.664,79.3967
1063,CASP16.M1296TS286_2,1,2,0.848,0.673,0.837,0.85,0.878,0.852,5.866,0.94761,0.83487,0.80988,0.52243,0.59074,0.64324,0.7247950000000001,0.58547,0.8641200000000001,0.10931962234899402,1650.69,2836535.78,3797498.35,-0.3343215686056068,377.846,72.8281
1064,CASP16.M1296TS286_3,1,2,0.914,0.864,0.845,0.834,0.85,0.851,5.229,0.9484,0.83313,0.80931,0.53696,0.60216,0.64325,0.7288683333333335,0.5941233333333334,0.8636133333333333,0.10873782043054235,1658.76,2924995.1,3838382.98,-1.1377980559937262,353.418,82.6647
1065,CASP16.M1296TS286_4,1,2,0.793,0.636,0.804,0.783,0.771,0.76,16.032,0.94361,0.82541,0.80096,0.53548,0.59931,0.64587,0.7251066666666666,0.5935533333333333,0.8566599999999999,0.0799818090919871,1491.92,1574242.89,2350755.54,-3.4719244085361995,235.743,45.1122
1066,CASP16.M1296TS286_5,1,2,0.823,0.679,0.788,0.682,0.688,0.679,14.747,0.94246,0.82426,0.79656,0.51549,0.55371,0.63104,0.7105866666666667,0.5667466666666667,0.8544266666666666,0.08372329656795047,1578.83,2284951.94,3413686.89,-5.194065605234156,320.547,66.6777
1067,CASP16.M1296TS294_1,1,2,0.85,0.745,0.822,0.699,0.758,0.72,13.819,0.94147,0.82674,0.79859,0.52039,0.55699,0.63771,0.7136483333333333,0.5716966666666666,0.8556,0.10844475640333258,1513.95,2894289.59,4486832.96,-2.4063289855274865,283.062,112.582
1068,CASP16.M1296TS294_2,1,2,0.822,0.676,0.82,0.701,0.73,0.716,13.057,0.94578,0.83402,0.80597,0.53201,0.57067,0.64488,0.7222216666666667,0.58252,0.8619233333333333,0.11819256428279915,1689.34,3092201.06,4448999.05,-3.417489213435777,338.024,94.761
1069,CASP16.M1296TS294_3,1,2,0.783,0.636,0.814,0.717,0.736,0.712,13.165,0.94328,0.83187,0.80429,0.53216,0.57826,0.6417,0.7219266666666666,0.58404,0.8598133333333333,0.11463905938435348,1636.64,3161375.26,4745679.37,-0.9380827370904572,302.591,114.881
1070,CASP16.M1296TS294_4,1,2,0.862,0.696,0.874,0.867,0.879,0.894,6.685,0.94364,0.83587,0.80817,0.55544,0.61828,0.66576,0.7378600000000001,0.61316,0.8625600000000001,0.12399641578085721,1654.32,3138210.31,4196728.5,-1.8236167488733184,402.677,104.411
1071,CASP16.M1296TS294_5,1,2,0.838,0.673,0.868,0.874,0.866,0.878,7.437,0.94403,0.83629,0.80658,0.56791,0.63583,0.67547,0.7443516666666666,0.6264033333333333,0.8623,0.14130717522930356,1622.21,3213478.89,4352816.91,-1.1244761177305544,389.24,108.327
1072,CASP16.M1296TS304_1,1,2,0.875,0.715,0.873,0.875,0.864,0.902,7.424,0.94473,0.83484,0.80942,0.52739,0.60172,0.64552,0.7272700000000001,0.5915433333333334,0.8629966666666666,0.11428358289413154,1654.85,3016357.1,3931839.32,-1.2344811655301051,404.431,104.505
1073,CASP16.M1296TS304_2,1,2,0.83,0.672,0.875,0.872,0.871,0.894,6.571,0.94451,0.83771,0.81149,0.54149,0.61028,0.65533,0.7334683333333334,0.6023666666666667,0.86457,0.13522361557115797,1655.45,2983620.11,4084490.37,-0.564056869330535,403.891,106.716
1074,CASP16.M1296TS304_3,1,2,0.887,0.785,0.87,0.876,0.859,0.879,7.881,0.94601,0.83736,0.80958,0.55051,0.62499,0.65884,0.7378816666666668,0.6114466666666667,0.8643166666666667,0.16554371423553677,1616.81,2814998.41,4053323.85,-1.2300892822189122,351.661,106.958
1075,CASP16.M1296TS304_4,1,2,0.842,0.673,0.869,0.875,0.871,0.892,8.165,0.94519,0.83555,0.8099,0.53118,0.60423,0.64807,0.72902,0.5944933333333333,0.8635466666666667,0.12488206915440969,1646.97,3138366.79,4157626.81,-1.881127483183203,396.491,109.834
1076,CASP16.M1296TS304_5,1,2,0.814,0.654,0.868,0.881,0.872,0.897,8.06,0.94711,0.8351,0.80851,0.54507,0.61367,0.65223,0.7336150000000001,0.6036566666666667,0.8635733333333334,0.13641188244801017,1592.08,2990316.38,3945601.02,-1.093285964949425,422.37,96.0805
1077,CASP16.M1296TS319_1,1,2,0.892,0.776,0.876,0.864,0.879,0.889,9.218,0.94519,0.83781,0.81094,0.54746,0.62084,0.66128,0.7372533333333333,0.60986,0.8646466666666667,0.15216488325968386,1642.49,3278966.61,4387449.96,-3.716551528118097,419.794,98.1527
1078,CASP16.M1296TS319_2,1,2,0.901,0.873,0.866,0.873,0.865,0.877,8.837,0.94303,0.8382,0.8121,0.5489,0.61922,0.65994,0.7368983333333334,0.6093533333333334,0.8644433333333333,0.13518639506655747,1648.29,3351993.82,4408254.39,-0.8288527159218619,394.527,114.652
1079,CASP16.M1296TS319_3,1,2,0.888,0.769,0.876,0.873,0.858,0.895,8.958,0.94342,0.83875,0.81019,0.55952,0.62892,0.66422,0.7408366666666668,0.6175533333333334,0.8641200000000001,0.142873721558135,1632.58,3219369.14,4415544.33,-1.065320976397438,452.56,110.771
1080,CASP16.M1296TS319_4,1,2,0.899,0.869,0.88,0.876,0.879,0.896,9.028,0.94461,0.83807,0.81083,0.55228,0.6257,0.66324,0.7391216666666667,0.6137400000000001,0.8645033333333334,0.14226957256905737,1676.49,3179449.72,4286532.24,-2.1782169584023343,404.167,104.5
1081,CASP16.M1296TS319_5,1,2,0.867,0.716,0.869,0.871,0.885,0.888,9.438,0.94259,0.83767,0.80974,0.54972,0.62664,0.66628,0.7387733333333334,0.6142133333333334,0.8633333333333334,0.15969329976360314,1627.93,3240715.04,4337242.07,-3.405713184621219,419.115,99.2109
1082,CASP16.M1296TS325_1,1,2,0.844,0.679,0.863,0.87,0.865,0.864,8.99,0.94479,0.83849,0.81228,0.53555,0.60363,0.65286,0.7312666666666666,0.5973466666666666,0.8651866666666667,0.12049478876870126,1649.96,3065234.23,4070003.12,-3.4820102136496534,358.579,103.724
1083,CASP16.M1296TS325_2,1,2,0.883,0.78,0.885,0.873,0.879,0.898,7.967,0.9435,0.83918,0.81156,0.55302,0.62309,0.66542,0.739295,0.6138433333333334,0.8647466666666667,0.15197059273195918,1650.37,3177542.17,4340459.43,-1.8705138533744443,397.785,109.166
1084,CASP16.M1296TS325_3,1,2,0.901,0.863,0.882,0.871,0.852,0.894,8.783,0.94615,0.84148,0.81559,0.54884,0.61759,0.65929,0.7381566666666667,0.6085733333333333,0.8677400000000001,0.14675084361806512,1648.81,3169149.59,4440460.05,-1.3643348876006811,445.862,112.588
1085,CASP16.M1296TS331_1,1,2,0.892,0.776,0.876,0.864,0.879,0.889,9.218,0.94519,0.83781,0.81094,0.54746,0.62084,0.66128,0.7372533333333333,0.60986,0.8646466666666667,0.15216488325968386,1642.49,3278966.61,4387449.96,-3.716551528118097,367.94,98.1527
1086,CASP16.M1296TS331_2,1,2,0.878,0.776,0.874,0.869,0.853,0.899,9.299,0.94362,0.83688,0.80805,0.55001,0.62139,0.66256,0.737085,0.61132,0.86285,0.1513647423242219,1654.31,3175862.91,4227496.29,-1.3844453490637711,408.499,108.879
1087,CASP16.M1296TS331_3,1,2,0.901,0.873,0.866,0.873,0.865,0.877,8.837,0.94303,0.8382,0.8121,0.5489,0.61922,0.65994,0.7368983333333334,0.6093533333333334,0.8644433333333333,0.13518639506655747,1648.29,3351993.82,4408254.39,-0.8288527159218619,448.617,114.652
1088,CASP16.M1296TS331_4,1,2,0.904,0.867,0.863,0.883,0.871,0.875,7.795,0.94569,0.83762,0.81123,0.54354,0.61103,0.65326,0.7337283333333333,0.60261,0.8648466666666668,0.13855515546165406,1634.34,2962495.71,4043900.55,-2.4673700617573093,415.212,101.896
1089,CASP16.M1296TS331_5,1,2,0.867,0.716,0.869,0.871,0.885,0.888,9.438,0.94259,0.83767,0.80974,0.54972,0.62664,0.66628,0.7387733333333334,0.6142133333333334,0.8633333333333334,0.15969329976360314,1627.93,3240715.04,4337242.07,-3.405713184621219,399.212,99.2109
1090,CASP16.M1296TS338_1,1,2,0.914,0.886,0.869,0.877,0.884,0.903,8.151,0.94323,0.85056,0.81953,0.58823,0.6529,0.67848,0.7554883333333333,0.63987,0.8711066666666666,0.17239291759760816,1626.19,2997295.61,3892489.21,-1.7283939268362694,338.643,94.7861
1091,CASP16.M1296TS338_2,1,2,0.906,0.881,0.871,0.877,0.884,0.903,9.146,0.94449,0.85252,0.82039,0.58575,0.65207,0.67661,0.755305,0.6381433333333334,0.8724666666666666,0.18778569284477276,1634.7,3022620.36,3927209.57,-1.8051642643973056,307.384,96.7297
1092,CASP16.M1296TS338_3,1,2,0.907,0.879,0.862,0.877,0.884,0.902,8.541,0.94296,0.85246,0.82169,0.59253,0.65418,0.68299,0.7578016666666667,0.6432333333333333,0.8723700000000001,0.18431634272565134,1634.11,3067267.92,4011329.64,-3.704023955762574,325.355,96.7297
1093,CASP16.M1296TS338_4,1,2,0.911,0.882,0.864,0.877,0.884,0.903,9.278,0.94197,0.84706,0.81897,0.58921,0.65811,0.68224,0.7562599999999999,0.6431866666666667,0.8693333333333332,0.15406241264718118,1630.56,3016905.14,3923342.61,-1.7205703594766302,310.139,94.7861
1094,CASP16.M1296TS338_5,1,2,0.914,0.885,0.877,0.88,0.884,0.903,9.394,0.94141,0.84694,0.81865,0.5837,0.65576,0.68226,0.7547866666666666,0.6405733333333333,0.8689999999999999,0.15321299833012744,1632.45,2995982.38,3904236.2,-1.753416736836711,327.481,96.7297
1095,CASP16.M1296TS345_1,1,2,0.892,0.776,0.876,0.864,0.879,0.889,9.218,0.94519,0.83781,0.81094,0.54746,0.62084,0.66128,0.7372533333333333,0.60986,0.8646466666666667,0.15216488325968386,1642.49,3278966.61,4387449.96,-3.716551528118097,381.17,98.1527
1096,CASP16.M1296TS345_2,1,2,0.901,0.873,0.866,0.873,0.865,0.877,8.837,0.94303,0.8382,0.8121,0.5489,0.61922,0.65994,0.7368983333333334,0.6093533333333334,0.8644433333333333,0.13518639506655747,1648.29,3351993.82,4408254.39,-0.8288527159218619,393.98,114.652
1097,CASP16.M1296TS345_3,1,2,0.888,0.769,0.876,0.873,0.858,0.895,8.958,0.94342,0.83875,0.81019,0.55952,0.62892,0.66422,0.7408366666666668,0.6175533333333334,0.8641200000000001,0.142873721558135,1632.58,3219369.14,4415544.33,-1.065320976397438,436.858,110.771
1098,CASP16.M1296TS345_4,1,2,0.899,0.869,0.88,0.876,0.879,0.896,9.028,0.94461,0.83807,0.81083,0.55228,0.6257,0.66324,0.7391216666666667,0.6137400000000001,0.8645033333333334,0.14226957256905737,1676.49,3179449.72,4286532.24,-2.1782169584023343,404.742,104.5
1099,CASP16.M1296TS345_5,1,2,0.867,0.716,0.869,0.871,0.885,0.888,9.438,0.94259,0.83767,0.80974,0.54972,0.62664,0.66628,0.7387733333333334,0.6142133333333334,0.8633333333333334,0.15969329976360314,1627.93,3240715.04,4337242.07,-3.405713184621219,380.892,99.2109
1100,CASP16.M1296TS369_1,1,2,0.858,0.781,0.837,0.646,0.673,0.673,14.868,0.71702,0.49994,0.34645,0.25384,0.23187,0.41047,0.4099316666666667,0.29872666666666664,0.5211366666666667,0.04714507849275833,1509.07,1694987.45,2668220.08,-7.721213625395389,249.244,74.7993
1101,CASP16.M1296TS369_2,1,2,0.895,0.8,0.881,0.869,0.859,0.895,8.5,0.94314,0.83003,0.80173,0.56112,0.62473,0.66238,0.7371883333333333,0.6160766666666667,0.8583,0.17810682719573379,1643.72,3197048.38,4266199.8,-1.6827217913726553,465.589,103.342
1102,CASP16.M1296TS369_3,1,2,0.448,0.36,0.395,0.022,0.188,0.016,29.517,0.70131,0.47055,0.33544,0.14317,0.06019,0.29326,0.3339866666666667,0.16554000000000002,0.5024333333333334,0.11458829895127565,3525.28,14882586.41,31218299.31,-0.003838478447651979,-5361.508,1115.15
1103,CASP16.M1296TS369_4,1,2,0.486,0.41,0.551,0.023,0.203,0.009,22.101,0.67147,0.37907,0.24694,0.11101,0.05188,0.28114,0.2902516666666667,0.14801,0.43249333333333334,0.033434818662317414,1412.74,1109445.53,2119543.49,-1.8824629451468864,102.91,61.862
1104,CASP16.M1296TS369_5,1,2,0.456,0.372,0.323,0.0,0.222,0.0,32.994,0.69253,0.46415,0.32197,0.1428,0.06721,0.28816,0.32947,0.16605666666666666,0.49288333333333334,0.10442338499124162,3208.62,12970183.95,26444826.3,-0.7657692905860073,-5116.585,974.422
1105,CASP16.M1296TS425_1,1,2,0.892,0.776,0.876,0.864,0.879,0.889,9.218,0.94519,0.83781,0.81094,0.54746,0.62084,0.66128,0.7372533333333333,0.60986,0.8646466666666667,0.15216488325968386,1642.49,3278966.61,4387449.96,-3.716551528118097,369.752,98.1527
1106,CASP16.M1296TS425_2,1,2,0.901,0.873,0.866,0.873,0.865,0.877,8.837,0.94303,0.8382,0.8121,0.5489,0.61922,0.65994,0.7368983333333334,0.6093533333333334,0.8644433333333333,0.13518639506655747,1648.29,3351993.82,4408254.39,-0.8288527159218619,391.511,114.652
1107,CASP16.M1296TS425_3,1,2,0.888,0.769,0.876,0.873,0.858,0.895,8.958,0.94342,0.83875,0.81019,0.55952,0.62892,0.66422,0.7408366666666668,0.6175533333333334,0.8641200000000001,0.142873721558135,1632.58,3219369.14,4415544.33,-1.065320976397438,449.48,110.771
1108,CASP16.M1296TS425_4,1,2,0.899,0.869,0.88,0.876,0.879,0.896,9.028,0.94461,0.83807,0.81083,0.55228,0.6257,0.66324,0.7391216666666667,0.6137400000000001,0.8645033333333334,0.14226957256905737,1676.49,3179449.72,4286532.24,-2.1782169584023343,409.55,104.5
1109,CASP16.M1296TS425_5,1,2,0.867,0.716,0.869,0.871,0.885,0.888,9.438,0.94259,0.83767,0.80974,0.54972,0.62664,0.66628,0.7387733333333334,0.6142133333333334,0.8633333333333334,0.15969329976360314,1627.93,3240715.04,4337242.07,-3.405713184621219,378.128,99.2109
1110,CASP16.M1296TS450_1,1,2,0.867,0.848,0.832,0.734,0.736,0.726,13.657,0.94152,0.82764,0.80194,0.5149,0.5691,0.63464,0.7149566666666667,0.5728800000000001,0.8570333333333333,0.09323305755096953,1690.63,3704115.41,5268002.5,-1.670279710548023,340.996,105.986
1111,CASP16.M1296TS450_2,1,2,0.866,0.802,0.834,0.732,0.805,0.739,11.052,0.94285,0.83614,0.80993,0.51716,0.57172,0.63389,0.718615,0.5742566666666667,0.8629733333333333,0.10983578113373368,1703.69,3152544.32,4238593.23,-2.3173766080023865,362.634,74.6924
1112,CASP16.M1296TS450_3,1,2,0.85,0.744,0.844,0.692,0.73,0.737,13.789,0.94084,0.82255,0.7929,0.50508,0.53393,0.62451,0.7033016666666667,0.5545066666666667,0.8520966666666667,0.09678350507456343,1664.49,2598074.65,4015138.95,-3.1675868104765623,349.591,93.2549
1113,CASP16.M1296TS450_4,1,2,0.852,0.786,0.827,0.697,0.704,0.702,13.291,0.94272,0.81887,0.79557,0.50913,0.53405,0.59973,0.7000116666666667,0.5476366666666667,0.8523866666666667,0.07147077657184013,1586.92,2200638.99,3433295.25,-0.8351117677864995,284.932,90.3414
1114,CASP16.M1296TS450_5,1,2,0.807,0.668,0.83,0.703,0.73,0.702,12.93,0.9461,0.82778,0.80228,0.51758,0.57736,0.63242,0.7172533333333333,0.5757866666666667,0.85872,0.06168638122335324,1470.08,1387115.39,2358209.83,-0.9449459299353395,215.985,59.0967
1115,CASP16.M1296TS462_1,1,2,0.901,0.87,0.866,0.872,0.864,0.874,8.234,0.94838,0.85092,0.82065,0.60142,0.67724,0.69919,0.7663,0.6592833333333333,0.8733166666666667,0.21214462765492498,1659.86,3247267.13,4424808.18,-2.3483021937736774,431.401,108.603
1116,CASP16.M1296TS462_2,1,2,0.87,0.717,0.865,0.872,0.865,0.894,8.277,0.94989,0.85182,0.82061,0.60448,0.67895,0.70158,0.7678883333333333,0.66167,0.8741066666666666,0.19823324377648532,1654.92,3092683.32,4137434.72,-2.587887789925954,401.462,103.278
1117,CASP16.M1296TS462_3,1,2,0.891,0.852,0.883,0.876,0.853,0.896,9.754,0.94796,0.84676,0.81689,0.59923,0.67134,0.69789,0.7633449999999999,0.6561533333333333,0.8705366666666666,0.1819623101502657,1608.37,3264214.55,4425807.0,-1.0385170623345867,409.546,109.519
1118,CASP16.M1296TS462_4,1,2,0.879,0.743,0.87,0.873,0.864,0.905,6.529,0.94901,0.84685,0.81829,0.58832,0.66187,0.6901,0.7590733333333333,0.6467633333333334,0.8713833333333333,0.15674255043268204,1619.59,3204338.2,4207807.83,-1.20542575867073,377.633,101.561
1119,CASP16.M1296TS462_5,1,2,0.89,0.817,0.873,0.878,0.864,0.876,11.21,0.94678,0.84495,0.8141,0.58878,0.66507,0.68855,0.7580383333333334,0.6474666666666667,0.86861,0.17787194871343673,1658.61,3177466.51,4285264.34,-1.3651994267205207,374.847,110.877
1120,CASP16.M1296TS481_1,1,2,0.829,0.672,0.877,0.872,0.871,0.907,9.854,0.94739,0.85051,0.8224,0.60008,0.6638,0.69085,0.762505,0.6515766666666666,0.8734333333333333,0.18043132865568623,1629.77,3066019.95,4346144.57,-0.6852389852754286,399.569,106.917
1121,CASP16.M1296TS481_2,1,2,0.821,0.666,0.858,0.872,0.871,0.907,8.342,0.94584,0.85006,0.81854,0.59985,0.6675,0.68846,0.7617083333333334,0.6519366666666667,0.87148,0.16954838116653265,1624.32,3272857.74,4355969.44,-1.2590518067476275,409.663,104.688
1122,CASP16.M1296TS481_3,1,2,0.845,0.684,0.882,0.87,0.871,0.906,4.398,0.94867,0.85225,0.82388,0.60742,0.66288,0.69166,0.7644599999999999,0.6539866666666666,0.8749333333333333,0.17679268596402836,1631.13,3118333.52,4336232.43,-1.3294473133640832,415.232,104.975
1123,CASP16.M1296TS481_4,1,2,0.827,0.675,0.878,0.87,0.871,0.907,7.758,0.94791,0.85106,0.82358,0.59109,0.65678,0.68207,0.7587483333333334,0.6433133333333333,0.8741833333333334,0.15271104002604263,1627.23,3055022.72,4315275.32,-1.233325339369512,396.335,106.48
1124,CASP16.M1296TS481_5,1,2,0.833,0.672,0.863,0.857,0.836,0.902,7.809,0.94644,0.85135,0.82378,0.58723,0.64328,0.67964,0.7552866666666667,0.6367166666666666,0.8738566666666667,0.14050939530957862,1646.59,3420105.49,4750104.18,-1.6200233575,427.857,122.633
